frame.number,frame.time,ip.src,ip.dst,ip.proto,frame.len,_ws.col.Info
"1","Apr 22, 2011 13:23:49.238845000 Central Daylight Time","1.1.23.3","1.1.12.1","6","60","46557→80 [SYN, ECN, CWR] Seq=0 Win=4128 Len=0 MSS=536"
"2","Apr 22, 2011 13:23:49.609845000 Central Daylight Time","1.1.12.1","1.1.23.3","6","58","80→46557 [SYN, ACK, ECN] Seq=0 Ack=1 Win=4128 Len=0 MSS=536"
"3","Apr 22, 2011 13:23:49.690845000 Central Daylight Time","1.1.23.3","1.1.12.1","6","60","46557→80 [ACK] Seq=1 Ack=1 Win=4128 Len=0"
"4","Apr 22, 2011 13:23:49.700845000 Central Daylight Time","1.1.23.3","1.1.12.1","6","215","GET /show-tech HTTP/1.1 "
"5","Apr 22, 2011 13:23:50.151845000 Central Daylight Time","1.1.12.1","1.1.23.3","6","310","[TCP segment of a reassembled PDU]"
"6","Apr 22, 2011 13:23:50.222845000 Central Daylight Time","1.1.23.3","1.1.12.1","6","60","46557→80 [ACK] Seq=162 Ack=257 Win=3872 Len=0"
"7","Apr 22, 2011 13:23:50.640845000 Central Daylight Time","1.1.12.1","1.1.23.3","6","335","[TCP segment of a reassembled PDU]"
"8","Apr 22, 2011 13:23:50.682845000 Central Daylight Time","1.1.23.3","1.1.12.1","6","60","46557→80 [ACK] Seq=162 Ack=538 Win=3591 Len=0"
"9","Apr 22, 2011 13:23:50.688845000 Central Daylight Time","1.1.12.1","1.1.23.3","6","566","[TCP segment of a reassembled PDU]"
"10","Apr 22, 2011 13:23:50.742845000 Central Daylight Time","1.1.23.3","1.1.12.1","6","60","[TCP Window Update] 46557→80 [ACK] Seq=162 Ack=538 Win=4128 Len=0"
"11","Apr 22, 2011 13:23:50.762845000 Central Daylight Time","1.1.23.3","1.1.12.1","6","60","46557→80 [ACK] Seq=162 Ack=1050 Win=3616 Len=0"
"12","Apr 22, 2011 13:23:51.090845000 Central Daylight Time","1.1.12.1","1.1.23.3","6","590","[TCP segment of a reassembled PDU]"
"13","Apr 22, 2011 13:23:51.163845000 Central Daylight Time","1.1.12.1","1.1.23.3","6","590","[TCP segment of a reassembled PDU]"
"14","Apr 22, 2011 13:23:51.163845000 Central Daylight Time","1.1.23.3","1.1.12.1","6","60","46557→80 [ACK] Seq=162 Ack=1586 Win=3080 Len=0"
"15","Apr 22, 2011 13:23:51.203845000 Central Daylight Time","1.1.23.3","1.1.12.1","6","60","[TCP Window Update] 46557→80 [ACK] Seq=162 Ack=1586 Win=4128 Len=0"
"16","Apr 22, 2011 13:23:51.214845000 Central Daylight Time","1.1.23.3","1.1.12.1","6","60","46557→80 [ACK] Seq=162 Ack=2122 Win=3592 Len=0"
"17","Apr 22, 2011 13:23:51.223845000 Central Daylight Time","1.1.23.3","1.1.12.1","6","60","[TCP Window Update] 46557→80 [ACK] Seq=162 Ack=2122 Win=4128 Len=0"
"18","Apr 22, 2011 13:23:51.315845000 Central Daylight Time","1.1.12.1","1.1.23.3","6","568","[TCP segment of a reassembled PDU]"
"19","Apr 22, 2011 13:23:51.323845000 Central Daylight Time","1.1.23.3","1.1.12.1","6","60","46557→80 [ACK] Seq=162 Ack=2636 Win=3614 Len=0"
"20","Apr 22, 2011 13:23:51.655845000 Central Daylight Time","1.1.12.1","1.1.23.3","6","590","[TCP segment of a reassembled PDU]"
"21","Apr 22, 2011 13:23:51.663845000 Central Daylight Time","1.1.23.3","1.1.12.1","6","60","46557→80 [ACK] Seq=162 Ack=3172 Win=3078 Len=0"
"22","Apr 22, 2011 13:23:51.673845000 Central Daylight Time","1.1.23.3","1.1.12.1","6","60","[TCP Window Update] 46557→80 [ACK] Seq=162 Ack=3172 Win=4128 Len=0"
"23","Apr 22, 2011 13:23:52.010845000 Central Daylight Time","1.1.12.1","1.1.23.3","6","590","[TCP segment of a reassembled PDU]"
"24","Apr 22, 2011 13:23:52.063845000 Central Daylight Time","1.1.23.3","1.1.12.1","6","60","46557→80 [ACK] Seq=162 Ack=3708 Win=3592 Len=0"
"25","Apr 22, 2011 13:23:52.109845000 Central Daylight Time","1.1.12.1","1.1.23.3","6","590","[TCP segment of a reassembled PDU]"
"26","Apr 22, 2011 13:23:52.155845000 Central Daylight Time","1.1.23.3","1.1.12.1","6","60","[TCP Window Update] 46557→80 [ACK] Seq=162 Ack=3708 Win=4128 Len=0"
"27","Apr 22, 2011 13:23:52.165845000 Central Daylight Time","1.1.23.3","1.1.12.1","6","60","46557→80 [ACK] Seq=162 Ack=4244 Win=3592 Len=0"
"28","Apr 22, 2011 13:23:52.175845000 Central Daylight Time","1.1.23.3","1.1.12.1","6","60","[TCP Window Update] 46557→80 [ACK] Seq=162 Ack=4244 Win=4128 Len=0"
"29","Apr 22, 2011 13:23:52.792845000 Central Daylight Time","1.1.12.1","1.1.23.3","6","590","[TCP segment of a reassembled PDU]"
"30","Apr 22, 2011 13:23:52.855845000 Central Daylight Time","1.1.23.3","1.1.12.1","6","60","46557→80 [ACK] Seq=162 Ack=4780 Win=3592 Len=0"
"31","Apr 22, 2011 13:23:52.905845000 Central Daylight Time","1.1.23.3","1.1.12.1","6","60","[TCP Window Update] 46557→80 [ACK] Seq=162 Ack=4780 Win=4128 Len=0"
"32","Apr 22, 2011 13:23:53.566845000 Central Daylight Time","1.1.12.1","1.1.23.3","6","590","[TCP segment of a reassembled PDU]"
"33","Apr 22, 2011 13:23:53.630845000 Central Daylight Time","1.1.12.1","1.1.23.3","6","590","[TCP segment of a reassembled PDU]"
"34","Apr 22, 2011 13:23:53.656845000 Central Daylight Time","1.1.23.3","1.1.12.1","6","60","46557→80 [ACK] Seq=162 Ack=5316 Win=3592 Len=0"
"35","Apr 22, 2011 13:23:53.668845000 Central Daylight Time","1.1.23.3","1.1.12.1","6","60","46557→80 [ACK] Seq=162 Ack=5852 Win=3056 Len=0"
"36","Apr 22, 2011 13:23:53.676845000 Central Daylight Time","1.1.23.3","1.1.12.1","6","60","[TCP Window Update] 46557→80 [ACK] Seq=162 Ack=5852 Win=3592 Len=0"
"37","Apr 22, 2011 13:23:53.697845000 Central Daylight Time","1.1.23.3","1.1.12.1","6","60","[TCP Window Update] 46557→80 [ACK] Seq=162 Ack=5852 Win=4128 Len=0"
"38","Apr 22, 2011 13:23:54.406845000 Central Daylight Time","1.1.12.1","1.1.23.3","6","590","[TCP segment of a reassembled PDU]"
"39","Apr 22, 2011 13:23:54.437845000 Central Daylight Time","1.1.12.1","1.1.23.3","6","590","[TCP segment of a reassembled PDU]"
"40","Apr 22, 2011 13:23:54.467845000 Central Daylight Time","1.1.23.3","1.1.12.1","6","60","46557→80 [ACK] Seq=162 Ack=6388 Win=3592 Len=0"
"41","Apr 22, 2011 13:23:54.498845000 Central Daylight Time","1.1.23.3","1.1.12.1","6","60","46557→80 [ACK] Seq=162 Ack=6924 Win=3056 Len=0"
"42","Apr 22, 2011 13:23:54.512845000 Central Daylight Time","1.1.23.3","1.1.12.1","6","60","[TCP Window Update] 46557→80 [ACK] Seq=162 Ack=6924 Win=3592 Len=0"
"43","Apr 22, 2011 13:23:54.516845000 Central Daylight Time","1.1.23.3","1.1.12.1","6","60","[TCP Window Update] 46557→80 [ACK] Seq=162 Ack=6924 Win=4128 Len=0"
"44","Apr 22, 2011 13:23:55.247845000 Central Daylight Time","1.1.12.1","1.1.23.3","6","590","[TCP segment of a reassembled PDU]"
"45","Apr 22, 2011 13:23:55.326845000 Central Daylight Time","1.1.23.3","1.1.12.1","6","60","46557→80 [ACK] Seq=162 Ack=7460 Win=3592 Len=0"
"46","Apr 22, 2011 13:23:55.339845000 Central Daylight Time","1.1.23.3","1.1.12.1","6","60","[TCP Window Update] 46557→80 [ACK] Seq=162 Ack=7460 Win=4128 Len=0"
"47","Apr 22, 2011 13:23:56.030845000 Central Daylight Time","1.1.12.1","1.1.23.3","6","590","[TCP segment of a reassembled PDU]"
"48","Apr 22, 2011 13:23:56.061845000 Central Daylight Time","1.1.12.1","1.1.23.3","6","590","[TCP segment of a reassembled PDU]"
"49","Apr 22, 2011 13:23:56.108845000 Central Daylight Time","1.1.23.3","1.1.12.1","6","60","46557→80 [ACK] Seq=162 Ack=7996 Win=3592 Len=0"
"50","Apr 22, 2011 13:23:56.109845000 Central Daylight Time","1.1.23.3","1.1.12.1","6","60","46557→80 [ACK, ECN] Seq=162 Ack=8532 Win=3056 Len=0"
"51","Apr 22, 2011 13:23:56.133845000 Central Daylight Time","1.1.23.3","1.1.12.1","6","60","[TCP Window Update] 46557→80 [ACK, ECN] Seq=162 Ack=8532 Win=3592 Len=0"
"52","Apr 22, 2011 13:23:56.134845000 Central Daylight Time","1.1.23.3","1.1.12.1","6","60","[TCP Window Update] 46557→80 [ACK, ECN] Seq=162 Ack=8532 Win=4128 Len=0"
"53","Apr 22, 2011 13:23:56.715845000 Central Daylight Time","1.1.12.1","1.1.23.3","6","590","[TCP segment of a reassembled PDU]"
"54","Apr 22, 2011 13:23:56.783845000 Central Daylight Time","1.1.23.3","1.1.12.1","6","60","46557→80 [ACK, ECN] Seq=162 Ack=9068 Win=3592 Len=0"
"55","Apr 22, 2011 13:23:56.818845000 Central Daylight Time","1.1.23.3","1.1.12.1","6","60","[TCP Window Update] 46557→80 [ACK, ECN] Seq=162 Ack=9068 Win=4128 Len=0"
"56","Apr 22, 2011 13:23:56.901845000 Central Daylight Time","1.1.12.1","1.1.23.3","6","590","[TCP segment of a reassembled PDU]"
"57","Apr 22, 2011 13:23:56.943845000 Central Daylight Time","1.1.23.3","1.1.12.1","6","60","46557→80 [ACK, ECN] Seq=162 Ack=9604 Win=3592 Len=0"
"58","Apr 22, 2011 13:23:56.959845000 Central Daylight Time","1.1.23.3","1.1.12.1","6","60","[TCP Window Update] 46557→80 [ACK, ECN] Seq=162 Ack=9604 Win=4128 Len=0"
"59","Apr 22, 2011 13:23:57.532845000 Central Daylight Time","1.1.12.1","1.1.23.3","6","590","[TCP segment of a reassembled PDU]"
"60","Apr 22, 2011 13:23:57.611845000 Central Daylight Time","1.1.23.3","1.1.12.1","6","60","46557→80 [ACK, ECN] Seq=162 Ack=10140 Win=3592 Len=0"
"61","Apr 22, 2011 13:23:57.630845000 Central Daylight Time","1.1.12.1","1.1.23.3","6","590","[TCP segment of a reassembled PDU]"
"62","Apr 22, 2011 13:23:57.647845000 Central Daylight Time","1.1.23.3","1.1.12.1","6","60","[TCP Window Update] 46557→80 [ACK, ECN] Seq=162 Ack=10140 Win=4128 Len=0"
"63","Apr 22, 2011 13:23:57.683845000 Central Daylight Time","1.1.23.3","1.1.12.1","6","60","46557→80 [ACK] Seq=162 Ack=10676 Win=3592 Len=0"
"64","Apr 22, 2011 13:23:57.717845000 Central Daylight Time","1.1.23.3","1.1.12.1","6","60","[TCP Window Update] 46557→80 [ACK] Seq=162 Ack=10676 Win=4128 Len=0"
"65","Apr 22, 2011 13:23:58.353845000 Central Daylight Time","1.1.12.1","1.1.23.3","6","590","[TCP segment of a reassembled PDU]"
"66","Apr 22, 2011 13:23:58.502845000 Central Daylight Time","1.1.23.3","1.1.12.1","6","60","46557→80 [ACK] Seq=162 Ack=11212 Win=3592 Len=0"
"67","Apr 22, 2011 13:23:58.565845000 Central Daylight Time","1.1.23.3","1.1.12.1","6","60","[TCP Window Update] 46557→80 [ACK] Seq=162 Ack=11212 Win=4128 Len=0"
"68","Apr 22, 2011 13:23:59.141845000 Central Daylight Time","1.1.12.1","1.1.23.3","6","590","[TCP segment of a reassembled PDU]"
"69","Apr 22, 2011 13:23:59.211845000 Central Daylight Time","1.1.12.1","1.1.23.3","6","590","[TCP segment of a reassembled PDU]"
"70","Apr 22, 2011 13:23:59.289845000 Central Daylight Time","1.1.23.3","1.1.12.1","6","60","46557→80 [ACK] Seq=162 Ack=11748 Win=3592 Len=0"
"71","Apr 22, 2011 13:23:59.318845000 Central Daylight Time","1.1.23.3","1.1.12.1","6","60","46557→80 [ACK, ECN] Seq=162 Ack=12284 Win=3056 Len=0"
"72","Apr 22, 2011 13:23:59.371845000 Central Daylight Time","1.1.23.3","1.1.12.1","6","60","[TCP Window Update] 46557→80 [ACK, ECN] Seq=162 Ack=12284 Win=3592 Len=0"
"73","Apr 22, 2011 13:23:59.395845000 Central Daylight Time","1.1.23.3","1.1.12.1","6","60","[TCP Window Update] 46557→80 [ACK, ECN] Seq=162 Ack=12284 Win=4128 Len=0"
"74","Apr 22, 2011 13:23:59.952845000 Central Daylight Time","1.1.12.1","1.1.23.3","6","590","[TCP segment of a reassembled PDU]"
"75","Apr 22, 2011 13:24:00.033845000 Central Daylight Time","1.1.23.3","1.1.12.1","6","60","46557→80 [ACK, ECN] Seq=162 Ack=12820 Win=3592 Len=0"
"76","Apr 22, 2011 13:24:00.078845000 Central Daylight Time","1.1.23.3","1.1.12.1","6","60","[TCP Window Update] 46557→80 [ACK, ECN] Seq=162 Ack=12820 Win=4128 Len=0"
"77","Apr 22, 2011 13:24:00.753845000 Central Daylight Time","1.1.12.1","1.1.23.3","6","590","[TCP segment of a reassembled PDU]"
"78","Apr 22, 2011 13:24:00.800845000 Central Daylight Time","1.1.12.1","1.1.23.3","6","590","[TCP segment of a reassembled PDU]"
"79","Apr 22, 2011 13:24:00.821845000 Central Daylight Time","1.1.23.3","1.1.12.1","6","60","46557→80 [ACK, ECN] Seq=162 Ack=13356 Win=3592 Len=0"
"80","Apr 22, 2011 13:24:00.856845000 Central Daylight Time","1.1.23.3","1.1.12.1","6","60","46557→80 [ACK, ECN] Seq=162 Ack=13892 Win=3056 Len=0"
"81","Apr 22, 2011 13:24:00.888845000 Central Daylight Time","1.1.23.3","1.1.12.1","6","60","[TCP Window Update] 46557→80 [ACK, ECN] Seq=162 Ack=13892 Win=3592 Len=0"
"82","Apr 22, 2011 13:24:00.921845000 Central Daylight Time","1.1.23.3","1.1.12.1","6","60","[TCP Window Update] 46557→80 [ACK, ECN] Seq=162 Ack=13892 Win=4128 Len=0"
"83","Apr 22, 2011 13:24:01.648845000 Central Daylight Time","1.1.12.1","1.1.23.3","6","590","[TCP segment of a reassembled PDU]"
"84","Apr 22, 2011 13:24:01.707845000 Central Daylight Time","1.1.12.1","1.1.23.3","6","590","[TCP segment of a reassembled PDU]"
"85","Apr 22, 2011 13:24:01.721845000 Central Daylight Time","1.1.23.3","1.1.12.1","6","60","46557→80 [ACK] Seq=162 Ack=14428 Win=3592 Len=0"
"86","Apr 22, 2011 13:24:01.747845000 Central Daylight Time","1.1.23.3","1.1.12.1","6","60","46557→80 [ACK] Seq=162 Ack=14964 Win=3056 Len=0"
"87","Apr 22, 2011 13:24:01.800845000 Central Daylight Time","1.1.23.3","1.1.12.1","6","60","[TCP Window Update] 46557→80 [ACK] Seq=162 Ack=14964 Win=3592 Len=0"
"88","Apr 22, 2011 13:24:01.818845000 Central Daylight Time","1.1.23.3","1.1.12.1","6","60","[TCP Window Update] 46557→80 [ACK] Seq=162 Ack=14964 Win=4128 Len=0"
"89","Apr 22, 2011 13:24:02.382845000 Central Daylight Time","1.1.12.1","1.1.23.3","6","590","[TCP segment of a reassembled PDU]"
"90","Apr 22, 2011 13:24:02.454845000 Central Daylight Time","1.1.23.3","1.1.12.1","6","60","46557→80 [ACK] Seq=162 Ack=15500 Win=3592 Len=0"
"91","Apr 22, 2011 13:24:02.481845000 Central Daylight Time","1.1.12.1","1.1.23.3","6","590","[TCP segment of a reassembled PDU]"
"92","Apr 22, 2011 13:24:02.488845000 Central Daylight Time","1.1.23.3","1.1.12.1","6","60","[TCP Window Update] 46557→80 [ACK] Seq=162 Ack=15500 Win=4128 Len=0"
"93","Apr 22, 2011 13:24:02.521845000 Central Daylight Time","1.1.23.3","1.1.12.1","6","60","46557→80 [ACK] Seq=162 Ack=16036 Win=3592 Len=0"
"94","Apr 22, 2011 13:24:02.554845000 Central Daylight Time","1.1.23.3","1.1.12.1","6","60","[TCP Window Update] 46557→80 [ACK] Seq=162 Ack=16036 Win=4128 Len=0"
"95","Apr 22, 2011 13:24:03.165845000 Central Daylight Time","1.1.12.1","1.1.23.3","6","590","[TCP segment of a reassembled PDU]"
"96","Apr 22, 2011 13:24:03.263845000 Central Daylight Time","1.1.23.3","1.1.12.1","6","60","46557→80 [ACK, ECN] Seq=162 Ack=16572 Win=3592 Len=0"
"97","Apr 22, 2011 13:24:03.273845000 Central Daylight Time","1.1.23.3","1.1.12.1","6","60","[TCP Window Update] 46557→80 [ACK, ECN] Seq=162 Ack=16572 Win=4128 Len=0"
"98","Apr 22, 2011 13:24:03.937845000 Central Daylight Time","1.1.12.1","1.1.23.3","6","590","[TCP segment of a reassembled PDU]"
"99","Apr 22, 2011 13:24:04.026845000 Central Daylight Time","1.1.23.3","1.1.12.1","6","60","46557→80 [ACK, ECN] Seq=162 Ack=17108 Win=3592 Len=0"
"100","Apr 22, 2011 13:24:04.053845000 Central Daylight Time","1.1.23.3","1.1.12.1","6","60","[TCP Window Update] 46557→80 [ACK, ECN] Seq=162 Ack=17108 Win=4128 Len=0"
"101","Apr 22, 2011 13:24:04.068845000 Central Daylight Time","1.1.12.1","1.1.23.3","6","590","[TCP segment of a reassembled PDU]"
"102","Apr 22, 2011 13:24:04.087845000 Central Daylight Time","1.1.23.3","1.1.12.1","6","60","46557→80 [ACK, ECN] Seq=162 Ack=17644 Win=3592 Len=0"
"103","Apr 22, 2011 13:24:04.120845000 Central Daylight Time","1.1.23.3","1.1.12.1","6","60","[TCP Window Update] 46557→80 [ACK, ECN] Seq=162 Ack=17644 Win=4128 Len=0"
"104","Apr 22, 2011 13:24:04.810845000 Central Daylight Time","1.1.12.1","1.1.23.3","6","590","[TCP segment of a reassembled PDU]"
"105","Apr 22, 2011 13:24:04.890845000 Central Daylight Time","1.1.23.3","1.1.12.1","6","60","46557→80 [ACK, ECN] Seq=162 Ack=18180 Win=3592 Len=0"
"106","Apr 22, 2011 13:24:04.952845000 Central Daylight Time","1.1.23.3","1.1.12.1","6","60","[TCP Window Update] 46557→80 [ACK, ECN] Seq=162 Ack=18180 Win=4128 Len=0"
"107","Apr 22, 2011 13:24:04.973845000 Central Daylight Time","1.1.12.1","1.1.23.3","6","590","[TCP segment of a reassembled PDU]"
"108","Apr 22, 2011 13:24:05.046845000 Central Daylight Time","1.1.23.3","1.1.12.1","6","60","46557→80 [ACK] Seq=162 Ack=18716 Win=3592 Len=0"
"109","Apr 22, 2011 13:24:05.116845000 Central Daylight Time","1.1.23.3","1.1.12.1","6","60","[TCP Window Update] 46557→80 [ACK] Seq=162 Ack=18716 Win=4128 Len=0"
"110","Apr 22, 2011 13:24:05.587845000 Central Daylight Time","1.1.12.1","1.1.23.3","6","590","[TCP segment of a reassembled PDU]"
"111","Apr 22, 2011 13:24:05.624845000 Central Daylight Time","1.1.23.3","1.1.12.1","6","60","46557→80 [ACK] Seq=162 Ack=19252 Win=3592 Len=0"
"112","Apr 22, 2011 13:24:05.660845000 Central Daylight Time","1.1.23.3","1.1.12.1","6","60","[TCP Window Update] 46557→80 [ACK] Seq=162 Ack=19252 Win=4128 Len=0"
"113","Apr 22, 2011 13:24:06.419845000 Central Daylight Time","1.1.12.1","1.1.23.3","6","590","[TCP segment of a reassembled PDU]"
"114","Apr 22, 2011 13:24:06.441845000 Central Daylight Time","1.1.12.1","1.1.23.3","6","590","[TCP segment of a reassembled PDU]"
"115","Apr 22, 2011 13:24:06.500845000 Central Daylight Time","1.1.23.3","1.1.12.1","6","60","46557→80 [ACK] Seq=162 Ack=19788 Win=3592 Len=0"
"116","Apr 22, 2011 13:24:06.539845000 Central Daylight Time","1.1.23.3","1.1.12.1","6","60","46557→80 [ACK, ECN] Seq=162 Ack=20324 Win=3056 Len=0"
"117","Apr 22, 2011 13:24:06.610845000 Central Daylight Time","1.1.23.3","1.1.12.1","6","60","[TCP Window Update] 46557→80 [ACK, ECN] Seq=162 Ack=20324 Win=3592 Len=0"
"118","Apr 22, 2011 13:24:06.699845000 Central Daylight Time","1.1.23.3","1.1.12.1","6","60","[TCP Window Update] 46557→80 [ACK, ECN] Seq=162 Ack=20324 Win=4128 Len=0"
"119","Apr 22, 2011 13:24:07.144845000 Central Daylight Time","1.1.12.1","1.1.23.3","6","590","[TCP segment of a reassembled PDU]"
"120","Apr 22, 2011 13:24:07.213845000 Central Daylight Time","1.1.12.1","1.1.23.3","6","588","[TCP segment of a reassembled PDU]"
"121","Apr 22, 2011 13:24:07.228845000 Central Daylight Time","1.1.23.3","1.1.12.1","6","60","46557→80 [ACK, ECN] Seq=162 Ack=20860 Win=3592 Len=0"
"122","Apr 22, 2011 13:24:07.253845000 Central Daylight Time","1.1.23.3","1.1.12.1","6","60","[TCP Window Update] 46557→80 [ACK, ECN] Seq=162 Ack=20860 Win=4128 Len=0"
"123","Apr 22, 2011 13:24:07.298845000 Central Daylight Time","1.1.23.3","1.1.12.1","6","60","46557→80 [ACK] Seq=162 Ack=21394 Win=3594 Len=0"
"124","Apr 22, 2011 13:24:08.008845000 Central Daylight Time","1.1.12.1","1.1.23.3","6","590","[TCP segment of a reassembled PDU]"
"125","Apr 22, 2011 13:24:08.099845000 Central Daylight Time","1.1.23.3","1.1.12.1","6","60","46557→80 [ACK] Seq=162 Ack=21930 Win=3058 Len=0"
"126","Apr 22, 2011 13:24:08.134845000 Central Daylight Time","1.1.23.3","1.1.12.1","6","60","[TCP Window Update] 46557→80 [ACK] Seq=162 Ack=21930 Win=4128 Len=0"
"127","Apr 22, 2011 13:24:08.718845000 Central Daylight Time","1.1.12.1","1.1.23.3","6","590","[TCP segment of a reassembled PDU]"
"128","Apr 22, 2011 13:24:08.767845000 Central Daylight Time","1.1.12.1","1.1.23.3","6","586","[TCP segment of a reassembled PDU]"
"129","Apr 22, 2011 13:24:08.827845000 Central Daylight Time","1.1.23.3","1.1.12.1","6","60","46557→80 [ACK] Seq=162 Ack=22466 Win=3592 Len=0"
"130","Apr 22, 2011 13:24:08.861845000 Central Daylight Time","1.1.23.3","1.1.12.1","6","60","46557→80 [ACK] Seq=162 Ack=22998 Win=3060 Len=0"
"131","Apr 22, 2011 13:24:08.900845000 Central Daylight Time","1.1.23.3","1.1.12.1","6","60","[TCP Window Update] 46557→80 [ACK] Seq=162 Ack=22998 Win=3596 Len=0"
"132","Apr 22, 2011 13:24:09.570845000 Central Daylight Time","1.1.12.1","1.1.23.3","6","590","[TCP segment of a reassembled PDU]"
"133","Apr 22, 2011 13:24:09.652845000 Central Daylight Time","1.1.23.3","1.1.12.1","6","60","46557→80 [ACK] Seq=162 Ack=23534 Win=3060 Len=0"
"134","Apr 22, 2011 13:24:09.682845000 Central Daylight Time","1.1.23.3","1.1.12.1","6","60","[TCP Window Update] 46557→80 [ACK] Seq=162 Ack=23534 Win=4128 Len=0"
"135","Apr 22, 2011 13:24:09.682845000 Central Daylight Time","1.1.12.1","1.1.23.3","6","590","[TCP segment of a reassembled PDU]"
"136","Apr 22, 2011 13:24:09.769845000 Central Daylight Time","1.1.23.3","1.1.12.1","6","60","46557→80 [ACK] Seq=162 Ack=24070 Win=3592 Len=0"
"137","Apr 22, 2011 13:24:09.827845000 Central Daylight Time","1.1.23.3","1.1.12.1","6","60","[TCP Window Update] 46557→80 [ACK] Seq=162 Ack=24070 Win=4128 Len=0"
"138","Apr 22, 2011 13:24:10.397845000 Central Daylight Time","1.1.12.1","1.1.23.3","6","590","[TCP segment of a reassembled PDU]"
"139","Apr 22, 2011 13:24:10.479845000 Central Daylight Time","1.1.23.3","1.1.12.1","6","60","46557→80 [ACK] Seq=162 Ack=24606 Win=3592 Len=0"
"140","Apr 22, 2011 13:24:10.520845000 Central Daylight Time","1.1.23.3","1.1.12.1","6","60","[TCP Window Update] 46557→80 [ACK] Seq=162 Ack=24606 Win=4128 Len=0"
"141","Apr 22, 2011 13:24:11.137845000 Central Daylight Time","1.1.12.1","1.1.23.3","6","590","[TCP segment of a reassembled PDU]"
"142","Apr 22, 2011 13:24:11.166845000 Central Daylight Time","1.1.12.1","1.1.23.3","6","590","[TCP segment of a reassembled PDU]"
"143","Apr 22, 2011 13:24:11.201845000 Central Daylight Time","1.1.23.3","1.1.12.1","6","60","46557→80 [ACK] Seq=162 Ack=25142 Win=3592 Len=0"
"144","Apr 22, 2011 13:24:11.250845000 Central Daylight Time","1.1.23.3","1.1.12.1","6","60","46557→80 [ACK, ECN] Seq=162 Ack=25678 Win=3056 Len=0"
"145","Apr 22, 2011 13:24:11.270845000 Central Daylight Time","1.1.23.3","1.1.12.1","6","60","[TCP Window Update] 46557→80 [ACK, ECN] Seq=162 Ack=25678 Win=3592 Len=0"
"146","Apr 22, 2011 13:24:11.303845000 Central Daylight Time","1.1.23.3","1.1.12.1","6","60","[TCP Window Update] 46557→80 [ACK, ECN] Seq=162 Ack=25678 Win=4128 Len=0"
"147","Apr 22, 2011 13:24:11.971845000 Central Daylight Time","1.1.12.1","1.1.23.3","6","590","[TCP segment of a reassembled PDU]"
"148","Apr 22, 2011 13:24:12.042845000 Central Daylight Time","1.1.12.1","1.1.23.3","6","590","[TCP segment of a reassembled PDU]"
"149","Apr 22, 2011 13:24:12.049845000 Central Daylight Time","1.1.23.3","1.1.12.1","6","60","46557→80 [ACK, ECN] Seq=162 Ack=26214 Win=3592 Len=0"
"150","Apr 22, 2011 13:24:12.083845000 Central Daylight Time","1.1.23.3","1.1.12.1","6","60","[TCP Window Update] 46557→80 [ACK, ECN] Seq=162 Ack=26214 Win=4128 Len=0"
"151","Apr 22, 2011 13:24:12.117845000 Central Daylight Time","1.1.23.3","1.1.12.1","6","60","46557→80 [ACK, ECN] Seq=162 Ack=26750 Win=3592 Len=0"
"152","Apr 22, 2011 13:24:12.156845000 Central Daylight Time","1.1.23.3","1.1.12.1","6","60","[TCP Window Update] 46557→80 [ACK, ECN] Seq=162 Ack=26750 Win=4128 Len=0"
"153","Apr 22, 2011 13:24:12.805845000 Central Daylight Time","1.1.12.1","1.1.23.3","6","590","[TCP segment of a reassembled PDU]"
"154","Apr 22, 2011 13:24:12.864845000 Central Daylight Time","1.1.23.3","1.1.12.1","6","60","46557→80 [ACK, ECN] Seq=162 Ack=27286 Win=3592 Len=0"
"155","Apr 22, 2011 13:24:12.897845000 Central Daylight Time","1.1.23.3","1.1.12.1","6","60","[TCP Window Update] 46557→80 [ACK, ECN] Seq=162 Ack=27286 Win=4128 Len=0"
"156","Apr 22, 2011 13:24:13.546845000 Central Daylight Time","1.1.12.1","1.1.23.3","6","590","[TCP segment of a reassembled PDU]"
"157","Apr 22, 2011 13:24:13.621845000 Central Daylight Time","1.1.23.3","1.1.12.1","6","60","46557→80 [ACK, ECN] Seq=162 Ack=27822 Win=3592 Len=0"
"158","Apr 22, 2011 13:24:13.647845000 Central Daylight Time","1.1.12.1","1.1.23.3","6","480","[TCP segment of a reassembled PDU]"
"159","Apr 22, 2011 13:24:13.655845000 Central Daylight Time","1.1.23.3","1.1.12.1","6","60","[TCP Window Update] 46557→80 [ACK, ECN] Seq=162 Ack=27822 Win=4128 Len=0"
"160","Apr 22, 2011 13:24:13.709845000 Central Daylight Time","1.1.23.3","1.1.12.1","6","60","46557→80 [ACK, ECN] Seq=162 Ack=28248 Win=3702 Len=0"
"161","Apr 22, 2011 13:24:14.346845000 Central Daylight Time","1.1.12.1","1.1.23.3","6","590","[TCP segment of a reassembled PDU]"
"162","Apr 22, 2011 13:24:14.378845000 Central Daylight Time","1.1.12.1","1.1.23.3","6","590","[TCP segment of a reassembled PDU]"
"163","Apr 22, 2011 13:24:14.438845000 Central Daylight Time","1.1.23.3","1.1.12.1","6","60","46557→80 [ACK, ECN] Seq=162 Ack=28784 Win=3166 Len=0"
"164","Apr 22, 2011 13:24:14.481845000 Central Daylight Time","1.1.23.3","1.1.12.1","6","60","46557→80 [ACK] Seq=162 Ack=29320 Win=2630 Len=0"
"165","Apr 22, 2011 13:24:14.518845000 Central Daylight Time","1.1.23.3","1.1.12.1","6","60","[TCP Window Update] 46557→80 [ACK] Seq=162 Ack=29320 Win=3592 Len=0"
"166","Apr 22, 2011 13:24:14.556845000 Central Daylight Time","1.1.23.3","1.1.12.1","6","60","[TCP Window Update] 46557→80 [ACK] Seq=162 Ack=29320 Win=4128 Len=0"
"167","Apr 22, 2011 13:24:15.170845000 Central Daylight Time","1.1.12.1","1.1.23.3","6","195","[TCP segment of a reassembled PDU]"
"168","Apr 22, 2011 13:24:15.201845000 Central Daylight Time","1.1.12.1","1.1.23.3","6","590","[TCP segment of a reassembled PDU]"
"169","Apr 22, 2011 13:24:15.301845000 Central Daylight Time","1.1.23.3","1.1.12.1","6","60","46557→80 [ACK] Seq=162 Ack=29461 Win=3987 Len=0"
"170","Apr 22, 2011 13:24:15.333845000 Central Daylight Time","1.1.23.3","1.1.12.1","6","60","46557→80 [ACK] Seq=162 Ack=29997 Win=3451 Len=0"
"171","Apr 22, 2011 13:24:15.367845000 Central Daylight Time","1.1.23.3","1.1.12.1","6","60","[TCP Window Update] 46557→80 [ACK] Seq=162 Ack=29997 Win=4128 Len=0"
"172","Apr 22, 2011 13:24:15.968845000 Central Daylight Time","1.1.12.1","1.1.23.3","6","590","[TCP segment of a reassembled PDU]"
"173","Apr 22, 2011 13:24:15.990845000 Central Daylight Time","1.1.12.1","1.1.23.3","6","590","[TCP segment of a reassembled PDU]"
"174","Apr 22, 2011 13:24:16.022845000 Central Daylight Time","1.1.23.3","1.1.12.1","6","60","46557→80 [ACK, ECN] Seq=162 Ack=30533 Win=3592 Len=0"
"175","Apr 22, 2011 13:24:16.055845000 Central Daylight Time","1.1.23.3","1.1.12.1","6","60","46557→80 [ACK, ECN] Seq=162 Ack=31069 Win=3056 Len=0"
"176","Apr 22, 2011 13:24:16.073845000 Central Daylight Time","1.1.23.3","1.1.12.1","6","60","[TCP Window Update] 46557→80 [ACK, ECN] Seq=162 Ack=31069 Win=3592 Len=0"
"177","Apr 22, 2011 13:24:16.106845000 Central Daylight Time","1.1.23.3","1.1.12.1","6","60","[TCP Window Update] 46557→80 [ACK, ECN] Seq=162 Ack=31069 Win=4128 Len=0"
"178","Apr 22, 2011 13:24:16.750845000 Central Daylight Time","1.1.12.1","1.1.23.3","6","590","[TCP segment of a reassembled PDU]"
"179","Apr 22, 2011 13:24:16.800845000 Central Daylight Time","1.1.12.1","1.1.23.3","6","430","[TCP segment of a reassembled PDU]"
"180","Apr 22, 2011 13:24:16.843845000 Central Daylight Time","1.1.23.3","1.1.12.1","6","60","46557→80 [ACK, ECN] Seq=162 Ack=31605 Win=3592 Len=0"
"181","Apr 22, 2011 13:24:16.883845000 Central Daylight Time","1.1.23.3","1.1.12.1","6","60","46557→80 [ACK] Seq=162 Ack=31981 Win=3216 Len=0"
"182","Apr 22, 2011 13:24:16.910845000 Central Daylight Time","1.1.23.3","1.1.12.1","6","60","[TCP Window Update] 46557→80 [ACK] Seq=162 Ack=31981 Win=3752 Len=0"
"183","Apr 22, 2011 13:24:17.539845000 Central Daylight Time","1.1.12.1","1.1.23.3","6","94","[TCP segment of a reassembled PDU]"
"184","Apr 22, 2011 13:24:17.576845000 Central Daylight Time","1.1.12.1","1.1.23.3","6","590","[TCP segment of a reassembled PDU]"
"185","Apr 22, 2011 13:24:17.610845000 Central Daylight Time","1.1.23.3","1.1.12.1","6","60","46557→80 [ACK] Seq=162 Ack=32021 Win=3712 Len=0"
"186","Apr 22, 2011 13:24:17.655845000 Central Daylight Time","1.1.23.3","1.1.12.1","6","60","46557→80 [ACK] Seq=162 Ack=32557 Win=3176 Len=0"
"187","Apr 22, 2011 13:24:17.677845000 Central Daylight Time","1.1.23.3","1.1.12.1","6","60","[TCP Window Update] 46557→80 [ACK] Seq=162 Ack=32557 Win=4128 Len=0"
"188","Apr 22, 2011 13:24:18.349845000 Central Daylight Time","1.1.12.1","1.1.23.3","6","590","[TCP segment of a reassembled PDU]"
"189","Apr 22, 2011 13:24:18.379845000 Central Daylight Time","1.1.12.1","1.1.23.3","6","560","[TCP segment of a reassembled PDU]"
"190","Apr 22, 2011 13:24:18.439845000 Central Daylight Time","1.1.23.3","1.1.12.1","6","60","46557→80 [ACK, ECN] Seq=162 Ack=33093 Win=3592 Len=0"
"191","Apr 22, 2011 13:24:18.474845000 Central Daylight Time","1.1.23.3","1.1.12.1","6","60","46557→80 [ACK, ECN] Seq=162 Ack=33599 Win=3086 Len=0"
"192","Apr 22, 2011 13:24:18.508845000 Central Daylight Time","1.1.23.3","1.1.12.1","6","60","[TCP Window Update] 46557→80 [ACK, ECN] Seq=162 Ack=33599 Win=3622 Len=0"
"193","Apr 22, 2011 13:24:19.155845000 Central Daylight Time","1.1.12.1","1.1.23.3","6","590","[TCP segment of a reassembled PDU]"
"194","Apr 22, 2011 13:24:19.195845000 Central Daylight Time","1.1.12.1","1.1.23.3","6","431","[TCP segment of a reassembled PDU]"
"195","Apr 22, 2011 13:24:19.256845000 Central Daylight Time","1.1.23.3","1.1.12.1","6","60","46557→80 [ACK, ECN] Seq=162 Ack=34135 Win=3086 Len=0"
"196","Apr 22, 2011 13:24:19.281845000 Central Daylight Time","1.1.23.3","1.1.12.1","6","60","46557→80 [ACK] Seq=162 Ack=34512 Win=2709 Len=0"
"197","Apr 22, 2011 13:24:19.317845000 Central Daylight Time","1.1.23.3","1.1.12.1","6","60","[TCP Window Update] 46557→80 [ACK] Seq=162 Ack=34512 Win=3751 Len=0"
"198","Apr 22, 2011 13:24:19.972845000 Central Daylight Time","1.1.12.1","1.1.23.3","6","123","[TCP segment of a reassembled PDU]"
"199","Apr 22, 2011 13:24:20.098845000 Central Daylight Time","1.1.23.3","1.1.12.1","6","60","46557→80 [ACK] Seq=162 Ack=34581 Win=3682 Len=0"
"200","Apr 22, 2011 13:24:20.135845000 Central Daylight Time","1.1.12.1","1.1.23.3","6","590","[TCP segment of a reassembled PDU]"
"201","Apr 22, 2011 13:24:20.279845000 Central Daylight Time","1.1.23.3","1.1.12.1","6","60","46557→80 [ACK] Seq=162 Ack=35117 Win=3146 Len=0"
"202","Apr 22, 2011 13:24:20.324845000 Central Daylight Time","1.1.23.3","1.1.12.1","6","60","[TCP Window Update] 46557→80 [ACK] Seq=162 Ack=35117 Win=4128 Len=0"
"203","Apr 22, 2011 13:24:20.824845000 Central Daylight Time","1.1.12.1","1.1.23.3","6","590","[TCP segment of a reassembled PDU]"
"204","Apr 22, 2011 13:24:20.909845000 Central Daylight Time","1.1.12.1","1.1.23.3","6","561","[TCP segment of a reassembled PDU]"
"205","Apr 22, 2011 13:24:20.936845000 Central Daylight Time","1.1.23.3","1.1.12.1","6","60","46557→80 [ACK, ECN] Seq=162 Ack=35653 Win=3592 Len=0"
"206","Apr 22, 2011 13:24:20.949845000 Central Daylight Time","1.1.23.3","1.1.12.1","6","60","[TCP Window Update] 46557→80 [ACK, ECN] Seq=162 Ack=35653 Win=4128 Len=0"
"207","Apr 22, 2011 13:24:21.000845000 Central Daylight Time","1.1.23.3","1.1.12.1","6","60","46557→80 [ACK, ECN] Seq=162 Ack=36160 Win=3621 Len=0"
"208","Apr 22, 2011 13:24:21.524845000 Central Daylight Time","1.1.12.1","1.1.23.3","6","590","[TCP segment of a reassembled PDU]"
"209","Apr 22, 2011 13:24:21.565845000 Central Daylight Time","1.1.12.1","1.1.23.3","6","431","[TCP segment of a reassembled PDU]"
"210","Apr 22, 2011 13:24:21.648845000 Central Daylight Time","1.1.23.3","1.1.12.1","6","60","46557→80 [ACK, ECN] Seq=162 Ack=36696 Win=3085 Len=0"
"211","Apr 22, 2011 13:24:21.684845000 Central Daylight Time","1.1.23.3","1.1.12.1","6","60","46557→80 [ACK] Seq=162 Ack=37073 Win=2708 Len=0"
"212","Apr 22, 2011 13:24:21.718845000 Central Daylight Time","1.1.23.3","1.1.12.1","6","60","[TCP Window Update] 46557→80 [ACK] Seq=162 Ack=37073 Win=3751 Len=0"
"213","Apr 22, 2011 13:24:22.384845000 Central Daylight Time","1.1.12.1","1.1.23.3","6","122","[TCP segment of a reassembled PDU]"
"214","Apr 22, 2011 13:24:22.461845000 Central Daylight Time","1.1.12.1","1.1.23.3","6","590","[TCP segment of a reassembled PDU]"
"215","Apr 22, 2011 13:24:22.478845000 Central Daylight Time","1.1.23.3","1.1.12.1","6","60","46557→80 [ACK] Seq=162 Ack=37141 Win=3683 Len=0"
"216","Apr 22, 2011 13:24:22.537845000 Central Daylight Time","1.1.23.3","1.1.12.1","6","60","46557→80 [ACK] Seq=162 Ack=37677 Win=3147 Len=0"
"217","Apr 22, 2011 13:24:22.573845000 Central Daylight Time","1.1.23.3","1.1.12.1","6","60","[TCP Window Update] 46557→80 [ACK] Seq=162 Ack=37677 Win=4128 Len=0"
"218","Apr 22, 2011 13:24:22.589845000 Central Daylight Time","1.1.12.1","1.1.23.3","6","590","[TCP segment of a reassembled PDU]"
"219","Apr 22, 2011 13:24:22.608845000 Central Daylight Time","1.1.23.3","1.1.12.1","6","60","46557→80 [ACK, ECN] Seq=162 Ack=38213 Win=3592 Len=0"
"220","Apr 22, 2011 13:24:22.643845000 Central Daylight Time","1.1.23.3","1.1.12.1","6","60","[TCP Window Update] 46557→80 [ACK, ECN] Seq=162 Ack=38213 Win=4128 Len=0"
"221","Apr 22, 2011 13:24:23.139845000 Central Daylight Time","1.1.12.1","1.1.23.3","6","590","[TCP segment of a reassembled PDU]"
"222","Apr 22, 2011 13:24:23.237845000 Central Daylight Time","1.1.23.3","1.1.12.1","6","60","46557→80 [ACK, ECN] Seq=162 Ack=38749 Win=3592 Len=0"
"223","Apr 22, 2011 13:24:23.263845000 Central Daylight Time","1.1.23.3","1.1.12.1","6","60","[TCP Window Update] 46557→80 [ACK, ECN] Seq=162 Ack=38749 Win=4128 Len=0"
"224","Apr 22, 2011 13:24:24.191845000 Central Daylight Time","1.1.12.1","1.1.23.3","6","590","[TCP segment of a reassembled PDU]"
"225","Apr 22, 2011 13:24:24.264845000 Central Daylight Time","1.1.12.1","1.1.23.3","6","431","[TCP segment of a reassembled PDU]"
"226","Apr 22, 2011 13:24:24.299845000 Central Daylight Time","1.1.23.3","1.1.12.1","6","60","46557→80 [ACK, ECN] Seq=162 Ack=39285 Win=3592 Len=0"
"227","Apr 22, 2011 13:24:24.349845000 Central Daylight Time","1.1.23.3","1.1.12.1","6","60","46557→80 [ACK] Seq=162 Ack=39662 Win=3215 Len=0"
"228","Apr 22, 2011 13:24:24.374845000 Central Daylight Time","1.1.23.3","1.1.12.1","6","60","[TCP Window Update] 46557→80 [ACK] Seq=162 Ack=39662 Win=3751 Len=0"
"229","Apr 22, 2011 13:24:24.829845000 Central Daylight Time","1.1.12.1","1.1.23.3","6","590","[TCP segment of a reassembled PDU]"
"230","Apr 22, 2011 13:24:24.843845000 Central Daylight Time","1.1.12.1","1.1.23.3","6","590","[TCP segment of a reassembled PDU]"
"231","Apr 22, 2011 13:24:24.898845000 Central Daylight Time","1.1.23.3","1.1.12.1","6","60","46557→80 [ACK] Seq=162 Ack=40198 Win=3215 Len=0"
"232","Apr 22, 2011 13:24:24.929845000 Central Daylight Time","1.1.23.3","1.1.12.1","6","60","46557→80 [ACK] Seq=162 Ack=40734 Win=2679 Len=0"
"233","Apr 22, 2011 13:24:24.962845000 Central Daylight Time","1.1.23.3","1.1.12.1","6","60","[TCP Window Update] 46557→80 [ACK] Seq=162 Ack=40734 Win=3592 Len=0"
"234","Apr 22, 2011 13:24:24.996845000 Central Daylight Time","1.1.23.3","1.1.12.1","6","60","[TCP Window Update] 46557→80 [ACK] Seq=162 Ack=40734 Win=4128 Len=0"
"235","Apr 22, 2011 13:24:25.533845000 Central Daylight Time","1.1.12.1","1.1.23.3","6","301","[TCP segment of a reassembled PDU]"
"236","Apr 22, 2011 13:24:25.543845000 Central Daylight Time","1.1.12.1","1.1.23.3","6","590","[TCP segment of a reassembled PDU]"
"237","Apr 22, 2011 13:24:25.580845000 Central Daylight Time","1.1.23.3","1.1.12.1","6","60","46557→80 [ACK] Seq=162 Ack=40981 Win=3881 Len=0"
"238","Apr 22, 2011 13:24:25.613845000 Central Daylight Time","1.1.23.3","1.1.12.1","6","60","46557→80 [ACK] Seq=162 Ack=41517 Win=3345 Len=0"
"239","Apr 22, 2011 13:24:25.646845000 Central Daylight Time","1.1.23.3","1.1.12.1","6","60","[TCP Window Update] 46557→80 [ACK] Seq=162 Ack=41517 Win=4128 Len=0"
"240","Apr 22, 2011 13:24:26.332845000 Central Daylight Time","1.1.12.1","1.1.23.3","6","590","[TCP segment of a reassembled PDU]"
"241","Apr 22, 2011 13:24:26.342845000 Central Daylight Time","1.1.12.1","1.1.23.3","6","562","[TCP segment of a reassembled PDU]"
"242","Apr 22, 2011 13:24:26.403845000 Central Daylight Time","1.1.23.3","1.1.12.1","6","60","46557→80 [ACK] Seq=162 Ack=42053 Win=3592 Len=0"
"243","Apr 22, 2011 13:24:26.439845000 Central Daylight Time","1.1.23.3","1.1.12.1","6","60","46557→80 [ACK] Seq=162 Ack=42561 Win=3084 Len=0"
"244","Apr 22, 2011 13:24:26.477845000 Central Daylight Time","1.1.23.3","1.1.12.1","6","60","[TCP Window Update] 46557→80 [ACK] Seq=162 Ack=42561 Win=3620 Len=0"
"245","Apr 22, 2011 13:24:27.113845000 Central Daylight Time","1.1.12.1","1.1.23.3","6","590","[TCP segment of a reassembled PDU]"
"246","Apr 22, 2011 13:24:27.192845000 Central Daylight Time","1.1.23.3","1.1.12.1","6","60","46557→80 [ACK] Seq=162 Ack=43097 Win=3084 Len=0"
"247","Apr 22, 2011 13:24:27.209845000 Central Daylight Time","1.1.23.3","1.1.12.1","6","60","[TCP Window Update] 46557→80 [ACK] Seq=162 Ack=43097 Win=4128 Len=0"
"248","Apr 22, 2011 13:24:27.909845000 Central Daylight Time","1.1.12.1","1.1.23.3","6","590","[TCP segment of a reassembled PDU]"
"249","Apr 22, 2011 13:24:27.919845000 Central Daylight Time","1.1.12.1","1.1.23.3","6","562","[TCP segment of a reassembled PDU]"
"250","Apr 22, 2011 13:24:27.969845000 Central Daylight Time","1.1.23.3","1.1.12.1","6","60","46557→80 [ACK, ECN] Seq=162 Ack=43633 Win=3592 Len=0"
"251","Apr 22, 2011 13:24:28.003845000 Central Daylight Time","1.1.23.3","1.1.12.1","6","60","46557→80 [ACK] Seq=162 Ack=44141 Win=3084 Len=0"
"252","Apr 22, 2011 13:24:28.042845000 Central Daylight Time","1.1.23.3","1.1.12.1","6","60","[TCP Window Update] 46557→80 [ACK] Seq=162 Ack=44141 Win=3620 Len=0"
"253","Apr 22, 2011 13:24:28.739845000 Central Daylight Time","1.1.12.1","1.1.23.3","6","590","[TCP segment of a reassembled PDU]"
"254","Apr 22, 2011 13:24:28.750845000 Central Daylight Time","1.1.12.1","1.1.23.3","6","590","[TCP segment of a reassembled PDU]"
"255","Apr 22, 2011 13:24:28.795845000 Central Daylight Time","1.1.23.3","1.1.12.1","6","60","46557→80 [ACK] Seq=162 Ack=44677 Win=3084 Len=0"
"256","Apr 22, 2011 13:24:28.830845000 Central Daylight Time","1.1.23.3","1.1.12.1","6","60","46557→80 [ACK] Seq=162 Ack=45213 Win=2548 Len=0"
"257","Apr 22, 2011 13:24:28.866845000 Central Daylight Time","1.1.23.3","1.1.12.1","6","60","[TCP Window Update] 46557→80 [ACK] Seq=162 Ack=45213 Win=3592 Len=0"
"258","Apr 22, 2011 13:24:28.901845000 Central Daylight Time","1.1.23.3","1.1.12.1","6","60","[TCP Window Update] 46557→80 [ACK] Seq=162 Ack=45213 Win=4128 Len=0"
"259","Apr 22, 2011 13:24:29.533845000 Central Daylight Time","1.1.12.1","1.1.23.3","6","590","[TCP segment of a reassembled PDU]"
"260","Apr 22, 2011 13:24:29.601845000 Central Daylight Time","1.1.23.3","1.1.12.1","6","60","46557→80 [ACK] Seq=162 Ack=45749 Win=3592 Len=0"
"261","Apr 22, 2011 13:24:29.634845000 Central Daylight Time","1.1.23.3","1.1.12.1","6","60","[TCP Window Update] 46557→80 [ACK] Seq=162 Ack=45749 Win=4128 Len=0"
"262","Apr 22, 2011 13:24:30.361845000 Central Daylight Time","1.1.12.1","1.1.23.3","6","590","[TCP segment of a reassembled PDU]"
"263","Apr 22, 2011 13:24:30.371845000 Central Daylight Time","1.1.12.1","1.1.23.3","6","590","[TCP segment of a reassembled PDU]"
"264","Apr 22, 2011 13:24:30.409845000 Central Daylight Time","1.1.23.3","1.1.12.1","6","60","46557→80 [ACK] Seq=162 Ack=46285 Win=3592 Len=0"
"265","Apr 22, 2011 13:24:30.428845000 Central Daylight Time","1.1.23.3","1.1.12.1","6","60","46557→80 [ACK] Seq=162 Ack=46821 Win=3056 Len=0"
"266","Apr 22, 2011 13:24:30.455845000 Central Daylight Time","1.1.23.3","1.1.12.1","6","60","[TCP Window Update] 46557→80 [ACK] Seq=162 Ack=46821 Win=3592 Len=0"
"267","Apr 22, 2011 13:24:30.488845000 Central Daylight Time","1.1.23.3","1.1.12.1","6","60","[TCP Window Update] 46557→80 [ACK] Seq=162 Ack=46821 Win=4128 Len=0"
"268","Apr 22, 2011 13:24:31.105845000 Central Daylight Time","1.1.12.1","1.1.23.3","6","590","[TCP segment of a reassembled PDU]"
"269","Apr 22, 2011 13:24:31.115845000 Central Daylight Time","1.1.12.1","1.1.23.3","6","590","[TCP segment of a reassembled PDU]"
"270","Apr 22, 2011 13:24:31.188845000 Central Daylight Time","1.1.23.3","1.1.12.1","6","60","46557→80 [ACK] Seq=162 Ack=47357 Win=3592 Len=0"
"271","Apr 22, 2011 13:24:31.224845000 Central Daylight Time","1.1.23.3","1.1.12.1","6","60","46557→80 [ACK, ECN] Seq=162 Ack=47893 Win=3056 Len=0"
"272","Apr 22, 2011 13:24:31.258845000 Central Daylight Time","1.1.23.3","1.1.12.1","6","60","[TCP Window Update] 46557→80 [ACK, ECN] Seq=162 Ack=47893 Win=3592 Len=0"
"273","Apr 22, 2011 13:24:31.291845000 Central Daylight Time","1.1.23.3","1.1.12.1","6","60","[TCP Window Update] 46557→80 [ACK, ECN] Seq=162 Ack=47893 Win=4128 Len=0"
"274","Apr 22, 2011 13:24:31.915845000 Central Daylight Time","1.1.12.1","1.1.23.3","6","590","[TCP segment of a reassembled PDU]"
"275","Apr 22, 2011 13:24:31.925845000 Central Daylight Time","1.1.12.1","1.1.23.3","6","590","[TCP segment of a reassembled PDU]"
"276","Apr 22, 2011 13:24:31.994845000 Central Daylight Time","1.1.23.3","1.1.12.1","6","60","46557→80 [ACK, ECN] Seq=162 Ack=48429 Win=3592 Len=0"
"277","Apr 22, 2011 13:24:32.028845000 Central Daylight Time","1.1.23.3","1.1.12.1","6","60","46557→80 [ACK, ECN] Seq=162 Ack=48965 Win=3056 Len=0"
"278","Apr 22, 2011 13:24:32.061845000 Central Daylight Time","1.1.23.3","1.1.12.1","6","60","[TCP Window Update] 46557→80 [ACK, ECN] Seq=162 Ack=48965 Win=3592 Len=0"
"279","Apr 22, 2011 13:24:32.095845000 Central Daylight Time","1.1.23.3","1.1.12.1","6","60","[TCP Window Update] 46557→80 [ACK, ECN] Seq=162 Ack=48965 Win=4128 Len=0"
"280","Apr 22, 2011 13:24:32.733845000 Central Daylight Time","1.1.12.1","1.1.23.3","6","590","[TCP segment of a reassembled PDU]"
"281","Apr 22, 2011 13:24:32.798845000 Central Daylight Time","1.1.23.3","1.1.12.1","6","60","46557→80 [ACK, ECN] Seq=162 Ack=49501 Win=3592 Len=0"
"282","Apr 22, 2011 13:24:32.847845000 Central Daylight Time","1.1.23.3","1.1.12.1","6","60","[TCP Window Update] 46557→80 [ACK, ECN] Seq=162 Ack=49501 Win=4128 Len=0"
"283","Apr 22, 2011 13:24:33.512845000 Central Daylight Time","1.1.12.1","1.1.23.3","6","590","[TCP segment of a reassembled PDU]"
"284","Apr 22, 2011 13:24:33.522845000 Central Daylight Time","1.1.12.1","1.1.23.3","6","554","[TCP segment of a reassembled PDU]"
"285","Apr 22, 2011 13:24:33.599845000 Central Daylight Time","1.1.23.3","1.1.12.1","6","60","46557→80 [ACK] Seq=162 Ack=50037 Win=3592 Len=0"
"286","Apr 22, 2011 13:24:33.642845000 Central Daylight Time","1.1.23.3","1.1.12.1","6","60","46557→80 [ACK, ECN] Seq=162 Ack=50537 Win=3092 Len=0"
"287","Apr 22, 2011 13:24:33.669845000 Central Daylight Time","1.1.23.3","1.1.12.1","6","60","[TCP Window Update] 46557→80 [ACK, ECN] Seq=162 Ack=50537 Win=3628 Len=0"
"288","Apr 22, 2011 13:24:34.334845000 Central Daylight Time","1.1.12.1","1.1.23.3","6","590","[TCP segment of a reassembled PDU]"
"289","Apr 22, 2011 13:24:34.344845000 Central Daylight Time","1.1.12.1","1.1.23.3","6","572","[TCP segment of a reassembled PDU]"
"290","Apr 22, 2011 13:24:34.389845000 Central Daylight Time","1.1.23.3","1.1.12.1","6","60","46557→80 [ACK, ECN] Seq=162 Ack=51073 Win=3092 Len=0"
"291","Apr 22, 2011 13:24:34.420845000 Central Daylight Time","1.1.23.3","1.1.12.1","6","60","46557→80 [ACK] Seq=162 Ack=51591 Win=2574 Len=0"
"292","Apr 22, 2011 13:24:34.453845000 Central Daylight Time","1.1.23.3","1.1.12.1","6","60","[TCP Window Update] 46557→80 [ACK] Seq=162 Ack=51591 Win=3610 Len=0"
"293","Apr 22, 2011 13:24:35.108845000 Central Daylight Time","1.1.12.1","1.1.23.3","6","196","[TCP segment of a reassembled PDU]"
"294","Apr 22, 2011 13:24:35.118845000 Central Daylight Time","1.1.12.1","1.1.23.3","6","590","[TCP segment of a reassembled PDU]"
"295","Apr 22, 2011 13:24:35.174845000 Central Daylight Time","1.1.23.3","1.1.12.1","6","60","46557→80 [ACK] Seq=162 Ack=51733 Win=3468 Len=0"
"296","Apr 22, 2011 13:24:35.215845000 Central Daylight Time","1.1.23.3","1.1.12.1","6","60","46557→80 [ACK] Seq=162 Ack=52269 Win=2932 Len=0"
"297","Apr 22, 2011 13:24:35.295845000 Central Daylight Time","1.1.23.3","1.1.12.1","6","60","[TCP Window Update] 46557→80 [ACK] Seq=162 Ack=52269 Win=3592 Len=0"
"298","Apr 22, 2011 13:24:35.327845000 Central Daylight Time","1.1.23.3","1.1.12.1","6","60","[TCP Window Update] 46557→80 [ACK] Seq=162 Ack=52269 Win=4128 Len=0"
"299","Apr 22, 2011 13:24:36.011845000 Central Daylight Time","1.1.12.1","1.1.23.3","6","590","[TCP segment of a reassembled PDU]"
"300","Apr 22, 2011 13:24:36.042845000 Central Daylight Time","1.1.12.1","1.1.23.3","6","590","[TCP segment of a reassembled PDU]"
"301","Apr 22, 2011 13:24:36.103845000 Central Daylight Time","1.1.23.3","1.1.12.1","6","60","46557→80 [ACK, ECN] Seq=162 Ack=52805 Win=3592 Len=0"
"302","Apr 22, 2011 13:24:36.117845000 Central Daylight Time","1.1.23.3","1.1.12.1","6","60","46557→80 [ACK, ECN] Seq=162 Ack=53341 Win=3056 Len=0"
"303","Apr 22, 2011 13:24:36.157845000 Central Daylight Time","1.1.23.3","1.1.12.1","6","60","[TCP Window Update] 46557→80 [ACK, ECN] Seq=162 Ack=53341 Win=3592 Len=0"
"304","Apr 22, 2011 13:24:36.194845000 Central Daylight Time","1.1.23.3","1.1.12.1","6","60","[TCP Window Update] 46557→80 [ACK, ECN] Seq=162 Ack=53341 Win=4128 Len=0"
"305","Apr 22, 2011 13:24:36.784845000 Central Daylight Time","1.1.12.1","1.1.23.3","6","590","[TCP segment of a reassembled PDU]"
"306","Apr 22, 2011 13:24:36.838845000 Central Daylight Time","1.1.23.3","1.1.12.1","6","60","46557→80 [ACK, ECN] Seq=162 Ack=53877 Win=3592 Len=0"
"307","Apr 22, 2011 13:24:36.907845000 Central Daylight Time","1.1.23.3","1.1.12.1","6","60","[TCP Window Update] 46557→80 [ACK, ECN] Seq=162 Ack=53877 Win=4128 Len=0"
"308","Apr 22, 2011 13:24:37.619845000 Central Daylight Time","1.1.12.1","1.1.23.3","6","540","[TCP segment of a reassembled PDU]"
"309","Apr 22, 2011 13:24:37.689845000 Central Daylight Time","1.1.23.3","1.1.12.1","6","60","46557→80 [ACK] Seq=162 Ack=54363 Win=3642 Len=0"
"310","Apr 22, 2011 13:24:39.193845000 Central Daylight Time","1.1.12.1","1.1.23.3","6","590","[TCP segment of a reassembled PDU]"
"311","Apr 22, 2011 13:24:39.244845000 Central Daylight Time","1.1.12.1","1.1.23.3","6","590","[TCP segment of a reassembled PDU]"
"312","Apr 22, 2011 13:24:39.300845000 Central Daylight Time","1.1.23.3","1.1.12.1","6","60","46557→80 [ACK] Seq=162 Ack=54899 Win=3106 Len=0"
"313","Apr 22, 2011 13:24:39.338845000 Central Daylight Time","1.1.23.3","1.1.12.1","6","60","46557→80 [ACK] Seq=162 Ack=55435 Win=2570 Len=0"
"314","Apr 22, 2011 13:24:39.365845000 Central Daylight Time","1.1.23.3","1.1.12.1","6","60","[TCP Window Update] 46557→80 [ACK] Seq=162 Ack=55435 Win=3592 Len=0"
"315","Apr 22, 2011 13:24:39.409845000 Central Daylight Time","1.1.23.3","1.1.12.1","6","60","[TCP Window Update] 46557→80 [ACK] Seq=162 Ack=55435 Win=4128 Len=0"
"316","Apr 22, 2011 13:24:40.027845000 Central Daylight Time","1.1.12.1","1.1.23.3","6","490","[TCP segment of a reassembled PDU]"
"317","Apr 22, 2011 13:24:40.076845000 Central Daylight Time","1.1.23.3","1.1.12.1","6","60","46557→80 [ACK] Seq=162 Ack=55871 Win=3692 Len=0"
"318","Apr 22, 2011 13:24:41.695845000 Central Daylight Time","1.1.12.1","1.1.23.3","6","590","[TCP segment of a reassembled PDU]"
"319","Apr 22, 2011 13:24:41.742845000 Central Daylight Time","1.1.12.1","1.1.23.3","6","590","[TCP segment of a reassembled PDU]"
"320","Apr 22, 2011 13:24:41.785845000 Central Daylight Time","1.1.23.3","1.1.12.1","6","60","46557→80 [ACK] Seq=162 Ack=56407 Win=3156 Len=0"
"321","Apr 22, 2011 13:24:41.886845000 Central Daylight Time","1.1.23.3","1.1.12.1","6","60","46557→80 [ACK, ECN] Seq=162 Ack=56943 Win=2620 Len=0"
"322","Apr 22, 2011 13:24:41.887845000 Central Daylight Time","1.1.23.3","1.1.12.1","6","60","[TCP Window Update] 46557→80 [ACK, ECN] Seq=162 Ack=56943 Win=3592 Len=0"
"323","Apr 22, 2011 13:24:41.892845000 Central Daylight Time","1.1.23.3","1.1.12.1","6","60","[TCP Window Update] 46557→80 [ACK, ECN] Seq=162 Ack=56943 Win=4128 Len=0"
"324","Apr 22, 2011 13:24:42.392845000 Central Daylight Time","1.1.12.1","1.1.23.3","6","590","[TCP segment of a reassembled PDU]"
"325","Apr 22, 2011 13:24:42.461845000 Central Daylight Time","1.1.23.3","1.1.12.1","6","60","46557→80 [ACK, ECN] Seq=162 Ack=57479 Win=3592 Len=0"
"326","Apr 22, 2011 13:24:42.496845000 Central Daylight Time","1.1.23.3","1.1.12.1","6","60","[TCP Window Update] 46557→80 [ACK, ECN] Seq=162 Ack=57479 Win=4128 Len=0"
"327","Apr 22, 2011 13:24:43.309845000 Central Daylight Time","1.1.12.1","1.1.23.3","6","590","[TCP segment of a reassembled PDU]"
"328","Apr 22, 2011 13:24:43.360845000 Central Daylight Time","1.1.12.1","1.1.23.3","6","590","[TCP segment of a reassembled PDU]"
"329","Apr 22, 2011 13:24:43.411845000 Central Daylight Time","1.1.23.3","1.1.12.1","6","60","46557→80 [ACK, ECN] Seq=162 Ack=58015 Win=3592 Len=0"
"330","Apr 22, 2011 13:24:43.444845000 Central Daylight Time","1.1.23.3","1.1.12.1","6","60","46557→80 [ACK] Seq=162 Ack=58551 Win=3056 Len=0"
"331","Apr 22, 2011 13:24:43.476845000 Central Daylight Time","1.1.23.3","1.1.12.1","6","60","[TCP Window Update] 46557→80 [ACK] Seq=162 Ack=58551 Win=3592 Len=0"
"332","Apr 22, 2011 13:24:43.515845000 Central Daylight Time","1.1.23.3","1.1.12.1","6","60","[TCP Window Update] 46557→80 [ACK] Seq=162 Ack=58551 Win=4128 Len=0"
"333","Apr 22, 2011 13:24:44.061845000 Central Daylight Time","1.1.12.1","1.1.23.3","6","148","[TCP segment of a reassembled PDU]"
"334","Apr 22, 2011 13:24:44.125845000 Central Daylight Time","1.1.12.1","1.1.23.3","6","590","[TCP segment of a reassembled PDU]"
"335","Apr 22, 2011 13:24:44.133845000 Central Daylight Time","1.1.23.3","1.1.12.1","6","60","46557→80 [ACK] Seq=162 Ack=58645 Win=4034 Len=0"
"336","Apr 22, 2011 13:24:44.199845000 Central Daylight Time","1.1.23.3","1.1.12.1","6","60","46557→80 [ACK] Seq=162 Ack=59181 Win=3498 Len=0"
"337","Apr 22, 2011 13:24:44.236845000 Central Daylight Time","1.1.23.3","1.1.12.1","6","60","[TCP Window Update] 46557→80 [ACK] Seq=162 Ack=59181 Win=4128 Len=0"
"338","Apr 22, 2011 13:24:44.735845000 Central Daylight Time","1.1.12.1","1.1.23.3","6","590","[TCP segment of a reassembled PDU]"
"339","Apr 22, 2011 13:24:44.799845000 Central Daylight Time","1.1.12.1","1.1.23.3","6","590","[TCP segment of a reassembled PDU]"
"340","Apr 22, 2011 13:24:44.817845000 Central Daylight Time","1.1.23.3","1.1.12.1","6","60","46557→80 [ACK, ECN] Seq=162 Ack=59717 Win=3592 Len=0"
"341","Apr 22, 2011 13:24:44.849845000 Central Daylight Time","1.1.23.3","1.1.12.1","6","60","[TCP Window Update] 46557→80 [ACK, ECN] Seq=162 Ack=59717 Win=4128 Len=0"
"342","Apr 22, 2011 13:24:44.883845000 Central Daylight Time","1.1.23.3","1.1.12.1","6","60","46557→80 [ACK, ECN] Seq=162 Ack=60253 Win=3592 Len=0"
"343","Apr 22, 2011 13:24:44.917845000 Central Daylight Time","1.1.23.3","1.1.12.1","6","60","[TCP Window Update] 46557→80 [ACK, ECN] Seq=162 Ack=60253 Win=4128 Len=0"
"344","Apr 22, 2011 13:24:46.400845000 Central Daylight Time","1.1.12.1","1.1.23.3","6","590","[TCP segment of a reassembled PDU]"
"345","Apr 22, 2011 13:24:46.464845000 Central Daylight Time","1.1.23.3","1.1.12.1","6","60","46557→80 [ACK, ECN] Seq=162 Ack=60789 Win=3592 Len=0"
"346","Apr 22, 2011 13:24:46.503845000 Central Daylight Time","1.1.23.3","1.1.12.1","6","60","[TCP Window Update] 46557→80 [ACK, ECN] Seq=162 Ack=60789 Win=4128 Len=0"
"347","Apr 22, 2011 13:24:47.186845000 Central Daylight Time","1.1.12.1","1.1.23.3","6","590","[TCP segment of a reassembled PDU]"
"348","Apr 22, 2011 13:24:47.305845000 Central Daylight Time","1.1.23.3","1.1.12.1","6","60","46557→80 [ACK, ECN] Seq=162 Ack=61325 Win=3592 Len=0"
"349","Apr 22, 2011 13:24:47.346845000 Central Daylight Time","1.1.23.3","1.1.12.1","6","60","[TCP Window Update] 46557→80 [ACK, ECN] Seq=162 Ack=61325 Win=4128 Len=0"
"350","Apr 22, 2011 13:24:48.865845000 Central Daylight Time","1.1.12.1","1.1.23.3","6","590","[TCP segment of a reassembled PDU]"
"351","Apr 22, 2011 13:24:48.964845000 Central Daylight Time","1.1.23.3","1.1.12.1","6","60","46557→80 [ACK, ECN] Seq=162 Ack=61861 Win=3592 Len=0"
"352","Apr 22, 2011 13:24:48.999845000 Central Daylight Time","1.1.23.3","1.1.12.1","6","60","[TCP Window Update] 46557→80 [ACK, ECN] Seq=162 Ack=61861 Win=4128 Len=0"
"353","Apr 22, 2011 13:24:49.703845000 Central Daylight Time","1.1.12.1","1.1.23.3","6","590","[TCP segment of a reassembled PDU]"
"354","Apr 22, 2011 13:24:49.792845000 Central Daylight Time","1.1.23.3","1.1.12.1","6","60","46557→80 [ACK, ECN] Seq=162 Ack=62397 Win=3592 Len=0"
"355","Apr 22, 2011 13:24:49.830845000 Central Daylight Time","1.1.23.3","1.1.12.1","6","60","[TCP Window Update] 46557→80 [ACK, ECN] Seq=162 Ack=62397 Win=4128 Len=0"
"356","Apr 22, 2011 13:24:51.156845000 Central Daylight Time","1.1.12.1","1.1.23.3","6","142","[TCP segment of a reassembled PDU]"
"357","Apr 22, 2011 13:24:51.219845000 Central Daylight Time","1.1.12.1","1.1.23.3","6","511","[TCP segment of a reassembled PDU]"
"358","Apr 22, 2011 13:24:51.253845000 Central Daylight Time","1.1.23.3","1.1.12.1","6","60","46557→80 [ACK] Seq=162 Ack=62485 Win=4040 Len=0"
"359","Apr 22, 2011 13:24:51.327845000 Central Daylight Time","1.1.23.3","1.1.12.1","6","60","46557→80 [ACK] Seq=162 Ack=62942 Win=3583 Len=0"
"360","Apr 22, 2011 13:24:51.365845000 Central Daylight Time","1.1.23.3","1.1.12.1","6","60","[TCP Window Update] 46557→80 [ACK] Seq=162 Ack=62942 Win=4128 Len=0"
"361","Apr 22, 2011 13:24:52.753845000 Central Daylight Time","1.1.12.1","1.1.23.3","6","109","[TCP segment of a reassembled PDU]"
"362","Apr 22, 2011 13:24:52.818845000 Central Daylight Time","1.1.12.1","1.1.23.3","6","590","[TCP segment of a reassembled PDU]"
"363","Apr 22, 2011 13:24:52.832845000 Central Daylight Time","1.1.23.3","1.1.12.1","6","60","46557→80 [ACK] Seq=162 Ack=62997 Win=4073 Len=0"
"364","Apr 22, 2011 13:24:52.859845000 Central Daylight Time","1.1.23.3","1.1.12.1","6","60","46557→80 [ACK] Seq=162 Ack=63533 Win=3537 Len=0"
"365","Apr 22, 2011 13:24:52.901845000 Central Daylight Time","1.1.23.3","1.1.12.1","6","60","[TCP Window Update] 46557→80 [ACK] Seq=162 Ack=63533 Win=4128 Len=0"
"366","Apr 22, 2011 13:24:53.604845000 Central Daylight Time","1.1.12.1","1.1.23.3","6","553","[TCP segment of a reassembled PDU]"
"367","Apr 22, 2011 13:24:53.678845000 Central Daylight Time","1.1.23.3","1.1.12.1","6","60","46557→80 [ACK] Seq=162 Ack=64032 Win=3629 Len=0"
"368","Apr 22, 2011 13:24:55.305845000 Central Daylight Time","1.1.12.1","1.1.23.3","6","590","[TCP segment of a reassembled PDU]"
"369","Apr 22, 2011 13:24:55.416845000 Central Daylight Time","1.1.23.3","1.1.12.1","6","60","46557→80 [ACK] Seq=162 Ack=64568 Win=3093 Len=0"
"370","Apr 22, 2011 13:24:55.454845000 Central Daylight Time","1.1.23.3","1.1.12.1","6","60","[TCP Window Update] 46557→80 [ACK] Seq=162 Ack=64568 Win=4128 Len=0"
"371","Apr 22, 2011 13:24:56.146845000 Central Daylight Time","1.1.12.1","1.1.23.3","6","590","[TCP segment of a reassembled PDU]"
"372","Apr 22, 2011 13:24:56.202845000 Central Daylight Time","1.1.12.1","1.1.23.3","6","590","[TCP segment of a reassembled PDU]"
"373","Apr 22, 2011 13:24:56.259845000 Central Daylight Time","1.1.23.3","1.1.12.1","6","60","46557→80 [ACK] Seq=162 Ack=65104 Win=3592 Len=0"
"374","Apr 22, 2011 13:24:56.297845000 Central Daylight Time","1.1.23.3","1.1.12.1","6","60","46557→80 [ACK] Seq=162 Ack=65640 Win=3056 Len=0"
"375","Apr 22, 2011 13:24:56.337845000 Central Daylight Time","1.1.23.3","1.1.12.1","6","60","[TCP Window Update] 46557→80 [ACK] Seq=162 Ack=65640 Win=3592 Len=0"
"376","Apr 22, 2011 13:24:56.373845000 Central Daylight Time","1.1.23.3","1.1.12.1","6","60","[TCP Window Update] 46557→80 [ACK] Seq=162 Ack=65640 Win=4128 Len=0"
"377","Apr 22, 2011 13:24:57.557845000 Central Daylight Time","1.1.12.1","1.1.23.3","6","590","[TCP segment of a reassembled PDU]"
"378","Apr 22, 2011 13:24:57.578845000 Central Daylight Time","1.1.23.3","1.1.12.1","6","60","46557→80 [ACK] Seq=162 Ack=66176 Win=3592 Len=0"
"379","Apr 22, 2011 13:24:57.616845000 Central Daylight Time","1.1.23.3","1.1.12.1","6","60","[TCP Window Update] 46557→80 [ACK] Seq=162 Ack=66176 Win=4128 Len=0"
"380","Apr 22, 2011 13:24:59.967845000 Central Daylight Time","1.1.12.1","1.1.23.3","6","590","[TCP segment of a reassembled PDU]"
"381","Apr 22, 2011 13:25:00.017845000 Central Daylight Time","1.1.12.1","1.1.23.3","6","590","[TCP segment of a reassembled PDU]"
"382","Apr 22, 2011 13:25:00.093845000 Central Daylight Time","1.1.23.3","1.1.12.1","6","60","46557→80 [ACK] Seq=162 Ack=66712 Win=3592 Len=0"
"383","Apr 22, 2011 13:25:00.126845000 Central Daylight Time","1.1.23.3","1.1.12.1","6","60","46557→80 [ACK] Seq=162 Ack=67248 Win=3056 Len=0"
"384","Apr 22, 2011 13:25:00.159845000 Central Daylight Time","1.1.23.3","1.1.12.1","6","60","[TCP Window Update] 46557→80 [ACK] Seq=162 Ack=67248 Win=3592 Len=0"
"385","Apr 22, 2011 13:25:00.193845000 Central Daylight Time","1.1.23.3","1.1.12.1","6","60","[TCP Window Update] 46557→80 [ACK] Seq=162 Ack=67248 Win=4128 Len=0"
"386","Apr 22, 2011 13:25:00.761845000 Central Daylight Time","1.1.12.1","1.1.23.3","6","590","[TCP segment of a reassembled PDU]"
"387","Apr 22, 2011 13:25:00.814845000 Central Daylight Time","1.1.12.1","1.1.23.3","6","590","[TCP segment of a reassembled PDU]"
"388","Apr 22, 2011 13:25:00.861845000 Central Daylight Time","1.1.23.3","1.1.12.1","6","60","46557→80 [ACK] Seq=162 Ack=67784 Win=3592 Len=0"
"389","Apr 22, 2011 13:25:00.895845000 Central Daylight Time","1.1.23.3","1.1.12.1","6","60","46557→80 [ACK, ECN] Seq=162 Ack=68320 Win=3056 Len=0"
"390","Apr 22, 2011 13:25:00.932845000 Central Daylight Time","1.1.23.3","1.1.12.1","6","60","[TCP Window Update] 46557→80 [ACK, ECN] Seq=162 Ack=68320 Win=3592 Len=0"
"391","Apr 22, 2011 13:25:00.970845000 Central Daylight Time","1.1.23.3","1.1.12.1","6","60","[TCP Window Update] 46557→80 [ACK, ECN] Seq=162 Ack=68320 Win=4128 Len=0"
"392","Apr 22, 2011 13:25:01.584845000 Central Daylight Time","1.1.12.1","1.1.23.3","6","590","[TCP segment of a reassembled PDU]"
"393","Apr 22, 2011 13:25:01.658845000 Central Daylight Time","1.1.23.3","1.1.12.1","6","60","46557→80 [ACK, ECN] Seq=162 Ack=68856 Win=3592 Len=0"
"394","Apr 22, 2011 13:25:01.678845000 Central Daylight Time","1.1.23.3","1.1.12.1","6","60","[TCP Window Update] 46557→80 [ACK, ECN] Seq=162 Ack=68856 Win=4128 Len=0"
"395","Apr 22, 2011 13:25:04.818845000 Central Daylight Time","1.1.12.1","1.1.23.3","6","590","[TCP segment of a reassembled PDU]"
"396","Apr 22, 2011 13:25:04.877845000 Central Daylight Time","1.1.12.1","1.1.23.3","6","590","[TCP segment of a reassembled PDU]"
"397","Apr 22, 2011 13:25:04.890845000 Central Daylight Time","1.1.23.3","1.1.12.1","6","60","46557→80 [ACK, ECN] Seq=162 Ack=69392 Win=3592 Len=0"
"398","Apr 22, 2011 13:25:04.926845000 Central Daylight Time","1.1.23.3","1.1.12.1","6","60","46557→80 [ACK, ECN] Seq=162 Ack=69928 Win=3056 Len=0"
"399","Apr 22, 2011 13:25:04.968845000 Central Daylight Time","1.1.23.3","1.1.12.1","6","60","[TCP Window Update] 46557→80 [ACK, ECN] Seq=162 Ack=69928 Win=3592 Len=0"
"400","Apr 22, 2011 13:25:05.011845000 Central Daylight Time","1.1.23.3","1.1.12.1","6","60","[TCP Window Update] 46557→80 [ACK, ECN] Seq=162 Ack=69928 Win=4128 Len=0"
"401","Apr 22, 2011 13:25:05.588845000 Central Daylight Time","1.1.12.1","1.1.23.3","6","587","[TCP segment of a reassembled PDU]"
"402","Apr 22, 2011 13:25:05.661845000 Central Daylight Time","1.1.23.3","1.1.12.1","6","60","46557→80 [ACK] Seq=162 Ack=70461 Win=3595 Len=0"
"403","Apr 22, 2011 13:25:07.166845000 Central Daylight Time","1.1.12.1","1.1.23.3","6","590","[TCP segment of a reassembled PDU]"
"404","Apr 22, 2011 13:25:07.249845000 Central Daylight Time","1.1.23.3","1.1.12.1","6","60","46557→80 [ACK] Seq=162 Ack=70997 Win=3059 Len=0"
"405","Apr 22, 2011 13:25:07.291845000 Central Daylight Time","1.1.23.3","1.1.12.1","6","60","[TCP Window Update] 46557→80 [ACK] Seq=162 Ack=70997 Win=4128 Len=0"
"406","Apr 22, 2011 13:25:08.018845000 Central Daylight Time","1.1.12.1","1.1.23.3","6","590","[TCP segment of a reassembled PDU]"
"407","Apr 22, 2011 13:25:08.069845000 Central Daylight Time","1.1.12.1","1.1.23.3","6","590","[TCP segment of a reassembled PDU]"
"408","Apr 22, 2011 13:25:08.131845000 Central Daylight Time","1.1.23.3","1.1.12.1","6","60","46557→80 [ACK, ECN] Seq=162 Ack=71533 Win=3592 Len=0"
"409","Apr 22, 2011 13:25:08.175845000 Central Daylight Time","1.1.23.3","1.1.12.1","6","60","46557→80 [ACK, ECN] Seq=162 Ack=72069 Win=3056 Len=0"
"410","Apr 22, 2011 13:25:08.231845000 Central Daylight Time","1.1.23.3","1.1.12.1","6","60","[TCP Window Update] 46557→80 [ACK, ECN] Seq=162 Ack=72069 Win=3592 Len=0"
"411","Apr 22, 2011 13:25:08.265845000 Central Daylight Time","1.1.23.3","1.1.12.1","6","60","[TCP Window Update] 46557→80 [ACK, ECN] Seq=162 Ack=72069 Win=4128 Len=0"
"412","Apr 22, 2011 13:25:08.821845000 Central Daylight Time","1.1.12.1","1.1.23.3","6","590","[TCP segment of a reassembled PDU]"
"413","Apr 22, 2011 13:25:08.881845000 Central Daylight Time","1.1.12.1","1.1.23.3","6","590","[TCP segment of a reassembled PDU]"
"414","Apr 22, 2011 13:25:08.890845000 Central Daylight Time","1.1.23.3","1.1.12.1","6","60","46557→80 [ACK, ECN] Seq=162 Ack=72605 Win=3592 Len=0"
"415","Apr 22, 2011 13:25:08.917845000 Central Daylight Time","1.1.23.3","1.1.12.1","6","60","[TCP Window Update] 46557→80 [ACK, ECN] Seq=162 Ack=72605 Win=4128 Len=0"
"416","Apr 22, 2011 13:25:08.970845000 Central Daylight Time","1.1.23.3","1.1.12.1","6","60","46557→80 [ACK, ECN] Seq=162 Ack=73141 Win=3592 Len=0"
"417","Apr 22, 2011 13:25:08.995845000 Central Daylight Time","1.1.23.3","1.1.12.1","6","60","[TCP Window Update] 46557→80 [ACK, ECN] Seq=162 Ack=73141 Win=4128 Len=0"
"418","Apr 22, 2011 13:25:09.589845000 Central Daylight Time","1.1.12.1","1.1.23.3","6","590","[TCP segment of a reassembled PDU]"
"419","Apr 22, 2011 13:25:09.668845000 Central Daylight Time","1.1.23.3","1.1.12.1","6","60","46557→80 [ACK] Seq=162 Ack=73677 Win=3592 Len=0"
"420","Apr 22, 2011 13:25:09.710845000 Central Daylight Time","1.1.23.3","1.1.12.1","6","60","[TCP Window Update] 46557→80 [ACK] Seq=162 Ack=73677 Win=4128 Len=0"
"421","Apr 22, 2011 13:25:10.367845000 Central Daylight Time","1.1.12.1","1.1.23.3","6","590","[TCP segment of a reassembled PDU]"
"422","Apr 22, 2011 13:25:10.420845000 Central Daylight Time","1.1.12.1","1.1.23.3","6","590","[TCP segment of a reassembled PDU]"
"423","Apr 22, 2011 13:25:10.482845000 Central Daylight Time","1.1.23.3","1.1.12.1","6","60","46557→80 [ACK] Seq=162 Ack=74213 Win=3592 Len=0"
"424","Apr 22, 2011 13:25:10.519845000 Central Daylight Time","1.1.23.3","1.1.12.1","6","60","46557→80 [ACK] Seq=162 Ack=74749 Win=3056 Len=0"
"425","Apr 22, 2011 13:25:10.562845000 Central Daylight Time","1.1.23.3","1.1.12.1","6","60","[TCP Window Update] 46557→80 [ACK] Seq=162 Ack=74749 Win=3592 Len=0"
"426","Apr 22, 2011 13:25:10.610845000 Central Daylight Time","1.1.23.3","1.1.12.1","6","60","[TCP Window Update] 46557→80 [ACK] Seq=162 Ack=74749 Win=4128 Len=0"
"427","Apr 22, 2011 13:25:11.160845000 Central Daylight Time","1.1.12.1","1.1.23.3","6","590","[TCP segment of a reassembled PDU]"
"428","Apr 22, 2011 13:25:11.221845000 Central Daylight Time","1.1.12.1","1.1.23.3","6","590","[TCP segment of a reassembled PDU]"
"429","Apr 22, 2011 13:25:11.232845000 Central Daylight Time","1.1.23.3","1.1.12.1","6","60","46557→80 [ACK, ECN] Seq=162 Ack=75285 Win=3592 Len=0"
"430","Apr 22, 2011 13:25:11.300845000 Central Daylight Time","1.1.23.3","1.1.12.1","6","60","[TCP Window Update] 46557→80 [ACK, ECN] Seq=162 Ack=75285 Win=4128 Len=0"
"431","Apr 22, 2011 13:25:11.335845000 Central Daylight Time","1.1.23.3","1.1.12.1","6","60","46557→80 [ACK, ECN] Seq=162 Ack=75821 Win=3592 Len=0"
"432","Apr 22, 2011 13:25:11.376845000 Central Daylight Time","1.1.23.3","1.1.12.1","6","60","[TCP Window Update] 46557→80 [ACK, ECN] Seq=162 Ack=75821 Win=4128 Len=0"
"433","Apr 22, 2011 13:25:11.958845000 Central Daylight Time","1.1.12.1","1.1.23.3","6","590","[TCP segment of a reassembled PDU]"
"434","Apr 22, 2011 13:25:12.050845000 Central Daylight Time","1.1.23.3","1.1.12.1","6","60","46557→80 [ACK, ECN] Seq=162 Ack=76357 Win=3592 Len=0"
"435","Apr 22, 2011 13:25:12.089845000 Central Daylight Time","1.1.23.3","1.1.12.1","6","60","[TCP Window Update] 46557→80 [ACK, ECN] Seq=162 Ack=76357 Win=4128 Len=0"
"436","Apr 22, 2011 13:25:12.774845000 Central Daylight Time","1.1.12.1","1.1.23.3","6","590","[TCP segment of a reassembled PDU]"
"437","Apr 22, 2011 13:25:12.864845000 Central Daylight Time","1.1.23.3","1.1.12.1","6","60","46557→80 [ACK, ECN] Seq=162 Ack=76893 Win=3592 Len=0"
"438","Apr 22, 2011 13:25:12.881845000 Central Daylight Time","1.1.23.3","1.1.12.1","6","60","[TCP Window Update] 46557→80 [ACK, ECN] Seq=162 Ack=76893 Win=4128 Len=0"
"439","Apr 22, 2011 13:25:14.367845000 Central Daylight Time","1.1.12.1","1.1.23.3","6","590","[TCP segment of a reassembled PDU]"
"440","Apr 22, 2011 13:25:14.417845000 Central Daylight Time","1.1.12.1","1.1.23.3","6","590","[TCP segment of a reassembled PDU]"
"441","Apr 22, 2011 13:25:14.483845000 Central Daylight Time","1.1.23.3","1.1.12.1","6","60","46557→80 [ACK, ECN] Seq=162 Ack=77429 Win=3592 Len=0"
"442","Apr 22, 2011 13:25:14.516845000 Central Daylight Time","1.1.23.3","1.1.12.1","6","60","46557→80 [ACK] Seq=162 Ack=77965 Win=3056 Len=0"
"443","Apr 22, 2011 13:25:14.549845000 Central Daylight Time","1.1.23.3","1.1.12.1","6","60","[TCP Window Update] 46557→80 [ACK] Seq=162 Ack=77965 Win=3592 Len=0"
"444","Apr 22, 2011 13:25:14.584845000 Central Daylight Time","1.1.23.3","1.1.12.1","6","60","[TCP Window Update] 46557→80 [ACK] Seq=162 Ack=77965 Win=4128 Len=0"
"445","Apr 22, 2011 13:25:15.173845000 Central Daylight Time","1.1.12.1","1.1.23.3","6","190","[TCP segment of a reassembled PDU]"
"446","Apr 22, 2011 13:25:15.231845000 Central Daylight Time","1.1.12.1","1.1.23.3","6","590","[TCP segment of a reassembled PDU]"
"447","Apr 22, 2011 13:25:15.242845000 Central Daylight Time","1.1.23.3","1.1.12.1","6","60","46557→80 [ACK] Seq=162 Ack=78101 Win=3992 Len=0"
"448","Apr 22, 2011 13:25:15.281845000 Central Daylight Time","1.1.23.3","1.1.12.1","6","60","46557→80 [ACK] Seq=162 Ack=78637 Win=3456 Len=0"
"449","Apr 22, 2011 13:25:15.315845000 Central Daylight Time","1.1.23.3","1.1.12.1","6","60","[TCP Window Update] 46557→80 [ACK] Seq=162 Ack=78637 Win=4128 Len=0"
"450","Apr 22, 2011 13:25:16.020845000 Central Daylight Time","1.1.12.1","1.1.23.3","6","456","[TCP segment of a reassembled PDU]"
"451","Apr 22, 2011 13:25:16.147845000 Central Daylight Time","1.1.23.3","1.1.12.1","6","60","46557→80 [ACK] Seq=162 Ack=79039 Win=3726 Len=0"
"452","Apr 22, 2011 13:25:17.673845000 Central Daylight Time","1.1.12.1","1.1.23.3","6","524","[TCP segment of a reassembled PDU]"
"453","Apr 22, 2011 13:25:17.742845000 Central Daylight Time","1.1.12.1","1.1.23.3","6","590","[TCP segment of a reassembled PDU]"
"454","Apr 22, 2011 13:25:17.788845000 Central Daylight Time","1.1.23.3","1.1.12.1","6","60","46557→80 [ACK] Seq=162 Ack=79509 Win=3256 Len=0"
"455","Apr 22, 2011 13:25:17.837845000 Central Daylight Time","1.1.23.3","1.1.12.1","6","60","46557→80 [ACK] Seq=162 Ack=80045 Win=2720 Len=0"
"456","Apr 22, 2011 13:25:17.859845000 Central Daylight Time","1.1.23.3","1.1.12.1","6","60","[TCP Window Update] 46557→80 [ACK] Seq=162 Ack=80045 Win=3592 Len=0"
"457","Apr 22, 2011 13:25:17.902845000 Central Daylight Time","1.1.23.3","1.1.12.1","6","60","[TCP Window Update] 46557→80 [ACK] Seq=162 Ack=80045 Win=4128 Len=0"
"458","Apr 22, 2011 13:25:18.424845000 Central Daylight Time","1.1.12.1","1.1.23.3","6","590","[TCP segment of a reassembled PDU]"
"459","Apr 22, 2011 13:25:18.525845000 Central Daylight Time","1.1.23.3","1.1.12.1","6","60","46557→80 [ACK] Seq=162 Ack=80581 Win=3592 Len=0"
"460","Apr 22, 2011 13:25:18.560845000 Central Daylight Time","1.1.23.3","1.1.12.1","6","60","[TCP Window Update] 46557→80 [ACK] Seq=162 Ack=80581 Win=4128 Len=0"
"461","Apr 22, 2011 13:25:19.961845000 Central Daylight Time","1.1.12.1","1.1.23.3","6","590","[TCP segment of a reassembled PDU]"
"462","Apr 22, 2011 13:25:20.041845000 Central Daylight Time","1.1.23.3","1.1.12.1","6","60","46557→80 [ACK] Seq=162 Ack=81117 Win=3592 Len=0"
"463","Apr 22, 2011 13:25:20.087845000 Central Daylight Time","1.1.23.3","1.1.12.1","6","60","[TCP Window Update] 46557→80 [ACK] Seq=162 Ack=81117 Win=4128 Len=0"
"464","Apr 22, 2011 13:25:20.771845000 Central Daylight Time","1.1.12.1","1.1.23.3","6","590","[TCP segment of a reassembled PDU]"
"465","Apr 22, 2011 13:25:20.821845000 Central Daylight Time","1.1.12.1","1.1.23.3","6","590","[TCP segment of a reassembled PDU]"
"466","Apr 22, 2011 13:25:20.842845000 Central Daylight Time","1.1.23.3","1.1.12.1","6","60","46557→80 [ACK] Seq=162 Ack=81653 Win=3592 Len=0"
"467","Apr 22, 2011 13:25:20.875845000 Central Daylight Time","1.1.23.3","1.1.12.1","6","60","46557→80 [ACK] Seq=162 Ack=82189 Win=3056 Len=0"
"468","Apr 22, 2011 13:25:20.908845000 Central Daylight Time","1.1.23.3","1.1.12.1","6","60","[TCP Window Update] 46557→80 [ACK] Seq=162 Ack=82189 Win=3592 Len=0"
"469","Apr 22, 2011 13:25:20.942845000 Central Daylight Time","1.1.23.3","1.1.12.1","6","60","[TCP Window Update] 46557→80 [ACK] Seq=162 Ack=82189 Win=4128 Len=0"
"470","Apr 22, 2011 13:25:22.388845000 Central Daylight Time","1.1.12.1","1.1.23.3","6","590","[TCP segment of a reassembled PDU]"
"471","Apr 22, 2011 13:25:22.423845000 Central Daylight Time","1.1.23.3","1.1.12.1","6","60","46557→80 [ACK, ECN] Seq=162 Ack=82725 Win=3592 Len=0"
"472","Apr 22, 2011 13:25:22.456845000 Central Daylight Time","1.1.23.3","1.1.12.1","6","60","[TCP Window Update] 46557→80 [ACK, ECN] Seq=162 Ack=82725 Win=4128 Len=0"
"473","Apr 22, 2011 13:25:23.173845000 Central Daylight Time","1.1.12.1","1.1.23.3","6","590","[TCP segment of a reassembled PDU]"
"474","Apr 22, 2011 13:25:23.222845000 Central Daylight Time","1.1.12.1","1.1.23.3","6","192","HTTP/1.1 200 OK "
"475","Apr 22, 2011 13:25:23.248845000 Central Daylight Time","1.1.23.3","1.1.12.1","6","60","46557→80 [ACK, ECN] Seq=162 Ack=83261 Win=3592 Len=0"
"476","Apr 22, 2011 13:25:23.281845000 Central Daylight Time","1.1.23.3","1.1.12.1","6","60","46557→80 [ACK, ECN] Seq=162 Ack=83400 Win=3592 Len=0"
"477","Apr 22, 2011 13:25:23.314845000 Central Daylight Time","1.1.23.3","1.1.12.1","6","60","[TCP Window Update] 46557→80 [ACK, ECN] Seq=162 Ack=83400 Win=3454 Len=0"
"478","Apr 22, 2011 13:25:23.341845000 Central Daylight Time","1.1.23.3","1.1.12.1","6","60","46557→80 [FIN, PSH, ACK, ECN] Seq=162 Ack=83400 Win=3454 Len=0"
"479","Apr 22, 2011 13:25:23.923845000 Central Daylight Time","1.1.12.1","1.1.23.3","6","54","80→46557 [ACK] Seq=83400 Ack=163 Win=3967 Len=0"
